<settings>
  <margins>0</margins>                                                   
  <redraw>true</redraw>
  <number_format>  
    <letters>
       <letter number="1000">K</letter>
       <letter number="1000000">M</letter>
       <letter number="1000000000">B</letter>
    </letters>      
  </number_format>
  <data_sets> 
    <data_set>
       <title>East Stock</title>
       <short>ES</short>
       <color>7f8da9</color>
       <file_name>data.csv</file_name>
       <csv>
         <reverse>true</reverse>
         <date_format>YYYY-MM-DD</date_format>
         <columns>
           <column>date</column>
           <column>index1</column>
           <column>index2</column>
         </columns>
       </csv>
    </data_set>
  </data_sets>

  <charts>
  	<chart cid="first">
  		<height>60</height>
  		<title>Value</title>
      <border_color>#CCCCCC</border_color>
      <border_alpha>100</border_alpha>
     
      <values>
        <x>
          <bg_color>#FAC303</bg_color>
        </x>        
      </values>
      <legend>
        <show_date>true</show_date>
      </legend>

      <column_width>100</column_width>

      <events>
        <color>fac622</color>
      </events>

  		<graphs>
  			<graph>
  			  <title>Income</title>
          <color>#70DE05</color>
          <fill_alpha>60</fill_alpha>  			
  				<data_sources>
  				  <close>index2</close>
          </data_sources>
          <width>3</width>

  				<bullet>round_outline</bullet>
          <smoothed>true</smoothed>

  		    <legend>
            <date key="true" title="true"><![CDATA[{close}]]></date>
            <period key="true" title="true"><![CDATA[open:<b>{open}</b> close:<b>{close}</b>]]></period>
          </legend>         
  			</graph>     		
  			<graph>
  			  <title>Expences</title>
  				<data_sources>
  				  <close>index1</close>
          </data_sources>
          <width>3</width>
  				<bullet>round_outline</bullet>
          <smoothed>true</smoothed>

  		    <legend>
            <date key="true" title="true"><![CDATA[{close}]]></date>
            <period key="true" title="true"><![CDATA[open:<b>{open}</b> close:<b>{close}</b>]]></period>
          </legend>             
  			</graph>  
      			
  		</graphs>
  	</chart>

  </charts>

  <data_set_selector>
    <enabled>false</enabled>
  </data_set_selector>
  
  <period_selector>
		<periods>		
      <period type="DD" count="10">10D</period>
    	<period selected="true" type="MM" count="1">1M</period>
    	<period type="MM" count="3">3M</period>
    	<period type="YYYY" count="1">1Y</period>
    	<period type="YTD" count="0">YTD</period>
    	<period type="MAX">MAX</period>
		</periods>
		
		<periods_title>Zoom:</periods_title>
		<custom_period_title>Custom period:</custom_period_title> 
  </period_selector>

  <header>
    <enabled>false</enabled>
  </header>

  <scroller>
    <graph_data_source>index1</graph_data_source>
    <resize_button_style>dragger</resize_button_style>
    <playback>
      <enabled>true</enabled>
      <speed>3</speed>
    </playback>
  </scroller>
</settings>
