<?xml version="1.0" encoding="UTF-8"?>
<chart>
	<series>
		<value xid="100">1950</value>
		<value xid="101">1951</value>
		<value xid="102">1952</value>
		<value xid="103">1953</value>
		<value xid="104">1954</value>
		<value xid="105">1955</value>
		<value xid="106">1956</value>
		<value xid="107">1957</value>
		<value xid="108">1958</value>
		<value xid="109">1959</value>
		<value xid="110">1960</value>
		<value xid="111">1961</value>
		<value xid="112">1962</value>
		<value xid="113">1963</value>
		<value xid="114">1964</value>
		<value xid="115">1965</value>
		<value xid="116">1966</value>
		<value xid="117">1967</value>
		<value xid="118">1968</value>
		<value xid="119">1969</value>
		<value xid="120">1970</value>
		<value xid="121">1971</value>
		<value xid="122">1972</value>
		<value xid="123">1973</value>
		<value xid="124">1974</value>
		<value xid="125">1975</value>
		<value xid="126">1976</value>
		<value xid="127">1977</value>
		<value xid="128">1978</value>
		<value xid="129">1979</value>
		<value xid="130">1980</value>
		<value xid="131">1981</value>
		<value xid="132">1982</value>
		<value xid="133">1983</value>
		<value xid="134">1984</value>
		<value xid="135">1985</value>
		<value xid="136">1986</value>
		<value xid="137">1987</value>
		<value xid="138">1988</value>
		<value xid="139">1989</value>
		<value xid="140">1990</value>
		<value xid="141">1991</value>
		<value xid="142">1992</value>
		<value xid="143">1993</value>
		<value xid="144">1994</value>
		<value xid="145">1995</value>
		<value xid="146">1996</value>
		<value xid="147">1997</value>
		<value xid="148">1998</value>
		<value xid="149">1999</value>
		<value xid="150">2000</value>
		<value xid="151">2001</value>
		<value xid="152">2002</value>
		<value xid="153">2003</value>
		<value xid="154">2004</value>
		<value xid="155">2005</value>
	</series>
	<graphs>
		<graph gid="1">
			<value xid="100" color="#318DBD">-0.307</value>
			<value xid="101" color="#318DBD">-0.168</value>
			<value xid="102" color="#318DBD">-0.073</value>
			<value xid="103" color="#318DBD">-0.027</value>
			<value xid="104" color="#318DBD">-0.251</value>
			<value xid="105" color="#318DBD">-0.281</value>
			<value xid="106" color="#318DBD">-0.348</value>
			<value xid="107" color="#318DBD">-0.074</value>
			<value xid="108" color="#318DBD">-0.011</value>
			<value xid="109" color="#318DBD">-0.074</value>
			<value xid="110" color="#318DBD">-0.124</value>
			<value xid="111" color="#318DBD">-0.024</value>
			<value xid="112" color="#318DBD">-0.022</value>
			<value xid="113">0.000</value>
			<value xid="114" color="#318DBD">-0.296</value>
			<value xid="115" color="#318DBD">-0.217</value>
			<value xid="116" color="#318DBD">-0.147</value>
			<value xid="117" color="#318DBD">-0.150</value>
			<value xid="118" color="#318DBD">-0.160</value>
			<value xid="119" color="#318DBD">-0.011</value>
			<value xid="120" color="#318DBD">-0.068</value>
			<value xid="121" color="#318DBD">-0.190</value>
			<value xid="122" color="#318DBD">-0.056</value>
			<value xid="123">0.077</value>
			<value xid="124" color="#318DBD">-0.213</value>
			<value xid="125" color="#318DBD">-0.170</value>
			<value xid="126" color="#318DBD">-0.254</value>
			<value xid="127">0.019</value>
			<value xid="128" color="#318DBD">-0.063</value>
			<value xid="129">0.050</value>
			<value xid="130">0.077</value>
			<value xid="131">0.120</value>
			<value xid="132">0.011</value>
			<value xid="133">0.177</value>
			<value xid="134" color="#318DBD">-0.021</value>
			<value xid="135" color="#318DBD">-0.037</value>
			<value xid="136">0.030</value>
			<value xid="137">0.179</value>
			<value xid="138">0.180</value>
			<value xid="139">0.104</value>
			<value xid="140">0.255</value>
			<value xid="141">0.210</value>
			<value xid="142">0.065</value>
			<value xid="143">0.110</value>
			<value xid="144">0.172</value>
			<value xid="145">0.269</value>
			<value xid="146">0.141</value>
			<value xid="147">0.353</value>
			<value xid="148">0.548</value>
			<value xid="149">0.298</value>
			<value xid="150">0.267</value>
			<value xid="151">0.411</value>
			<value xid="152">0.462</value>
			<value xid="153">0.470</value>
			<value xid="154">0.445</value>
			<value xid="155">0.470</value>
		</graph>
		<graph gid="2">
			<value xid="100">-0.171</value>
			<value xid="101">-0.175</value>
			<value xid="102">-0.176</value>
			<value xid="103">-0.174</value>
			<value xid="104">-0.169</value>
			<value xid="105">-0.162</value>
			<value xid="106">-0.151</value>
			<value xid="107">-0.139</value>
			<value xid="108">-0.125</value>
			<value xid="109">-0.114</value>
			<value xid="110">-0.106</value>
			<value xid="111">-0.104</value>
			<value xid="112">-0.108</value>
			<value xid="113">-0.114</value>
			<value xid="114">-0.120</value>
			<value xid="115">-0.125</value>
			<value xid="116">-0.127</value>
			<value xid="117">-0.125</value>
			<value xid="118">-0.120</value>
			<value xid="119">-0.114</value>
			<value xid="120">-0.108</value>
			<value xid="121">-0.104</value>
			<value xid="122">-0.100</value>
			<value xid="123">-0.097</value>
			<value xid="124">-0.091</value>
			<value xid="125">-0.082</value>
			<value xid="126">-0.068</value>
			<value xid="127">-0.050</value>
			<value xid="128">-0.028</value>
			<value xid="129">-0.006</value>
			<value xid="130">0.015</value>
			<value xid="131">0.032</value>
			<value xid="132">0.046</value>
			<value xid="133">0.058</value>
			<value xid="134">0.069</value>
			<value xid="135">0.081</value>
			<value xid="136">0.094</value>
			<value xid="137">0.108</value>
			<value xid="138">0.123</value>
			<value xid="139">0.137</value>
			<value xid="140">0.150</value>
			<value xid="141">0.163</value>
			<value xid="142">0.178</value>
			<value xid="143">0.195</value>
			<value xid="144">0.216</value>
			<value xid="145">0.241</value>
			<value xid="146">0.268</value>
			<value xid="147">0.296</value>
			<value xid="148">0.323</value>
			<value xid="149">0.348</value>
			<value xid="150">0.370</value>
			<value xid="151">0.389</value>
			<value xid="152">0.404</value>
			<value xid="153">0.415</value>
			<value xid="154">0.422</value>
			<value xid="155">0.426</value>
		</graph>
	</graphs>
</chart>
