<?xml version="1.0" encoding="UTF-8"?>
<chart>
	<graphs>
		<graph gid="0">
			<point x="2007-10-01" y="200"></point>
			<point x="2007-11-14" y="300"></point>
			<point x="2007-12-10" y="187"></point>
      <point x="2008-01-15" y="187"></point>
      <point x="2008-02-01" y="198"></point>
      <point x="2008-03-06" y="400"></point>
      <point x="2008-04-17" y="430"></point>
      <point x="2008-05-09" y="330"></point>
      <point x="2008-06-25" y="364"></point>
      <point x="2008-07-21" y="412"></point>
      <point x="2008-08-13" y="416"></point>
      <point x="2008-09-01" y="306"></point>
      <point x="2008-10-09" y="408"></point>
      <point x="2008-11-30" y="488"></point>
      <point x="2008-12-11" y="448"></point>
      <point x="2009-01-16" y="487"></point>
      <point x="2009-02-05" y="445"></point>
      <point x="2009-03-09" y="466"></point>      			
		</graph>
		<graph gid="1">
      <point x="2008-07-11" y="346"></point>
      <point x="2008-08-14" y="356"></point>
      <point x="2008-09-19" y="226"></point>
      <point x="2008-10-21" y="338"></point>
      <point x="2008-11-15" y="348"></point>
      <point x="2008-12-11" y="368"></point>
      <point x="2009-01-16" y="347"></point>
      <point x="2009-02-15" y="315"></point>
      <point x="2009-03-19" y="326"></point>      			
		</graph>		
	</graphs>
</chart>
