<settings>
  <margins>0</margins>                                                   
  <max_series>100</max_series>

  <number_format>  
    <letters>
       <letter number="1000">K</letter>
       <letter number="1000000">M</letter>
       <letter number="1000000000">B</letter>
    </letters>      
  </number_format>
  
  <data_sets> 
    <data_set>
       <title>East Stock</title>
       <short>ES</short>
       <color>7f8da9</color>
       <file_name>data1.csv</file_name>
       <csv>
         <reverse>true</reverse>
         <separator>,</separator>
         <date_format>YYYY-MM-DD</date_format>
         <decimal_separator>.</decimal_separator>
         <columns>
           <column>date</column>
           <column>open</column>
           <column>high</column>
           <column>low</column>
           <column>close</column>
           <column>volume</column>           
         </columns>
       </csv>
    </data_set>
    
  <data_set>
       <title>West Stock</title>
       <short>WS</short>
       <color>fac314</color>
       <file_name>data2.csv</file_name>
       <compare_list_box selected="true"></compare_list_box>
       <csv>
         <reverse>true</reverse>
         <separator>,</separator>
         <date_format>YYYY-MM-DD</date_format>
         <decimal_separator>.</decimal_separator>
         <columns>
           <column>date</column>
           <column>close</column>
         </columns>
       </csv>
    </data_set>    
  </data_sets>

  <charts>
  	<chart>
  		<height>60</height>
      <border_color>#CCCCCC</border_color>
      <border_alpha>0</border_alpha>
     
      <grid>
        <x>
          <alpha>10</alpha>
          <dashed>true</dashed>    
        </x>
        
        <y_left>
          <alpha>10</alpha>
          <dashed>true</dashed>
        </y_left>       
   
      </grid>	

      <legend>
        <show_date>true</show_date>
        <positive_color>7f8da9</positive_color>
        <negative_color>db4c3c</negative_color>        
      </legend>

      <column_width>70</column_width>

  		<graphs>
  			<graph>
  				<type>candlestick</type>
  				<data_sources>
  				  <open>open</open>
  				  <high>high</high>
  				  <low>low</low>
  				  <close>close</close>
          </data_sources>
          
          <compare_source>close</compare_source>
  				<cursor_color>002b6d</cursor_color>
  				<positive_color>7f8da9</positive_color>
          <negative_color>db4c3c</negative_color>
  				<fill_alpha>100</fill_alpha>
  		    <legend>
            <date key="true" title="true"><![CDATA[{close}]]></date>
            <period key="true" title="true"><![CDATA[open:<b>{open}</b> low:<b>{low}</b> high:<b>{high}</b> close:<b>{close}</b>]]></period>
            <date_comparing key="true" title="true"><![CDATA[<b>{close.percents}]]></date_comparing>
            <period_comparing key="true" title="true"><![CDATA[<b>{close.percents}]]></period_comparing>
          </legend>         
  			</graph>  			
  		</graphs>
  	</chart>  
  </charts>
  

  <data_set_selector>
    <enabled>false</enabled>
  </data_set_selector>
  
  <period_selector>
    
    <button>
      <bg_color_hover>FEC514</bg_color_hover>
      <bg_color_selected>DB4C3C</bg_color_selected>
      <text_color_selected>FFFFFF</text_color_selected>
    </button>
  
		<periods>		
      <period type="DD" count="10">10D</period>
    	<period type="MM" count="1">1M</period>
    	<period selected="true" type="MM" count="3">3M</period>
    	<period type="YYYY" count="1">1Y</period>
    	<period type="YYYY" count="3">3Y</period>
    	<period type="YTD" count="0">YTD</period>
    	<period type="MAX">MAX</period>
		</periods>
		
		<periods_title>Zoom:</periods_title>
		<custom_period_title>Custom period:</custom_period_title> 
  </period_selector>

  <header>
    <enabled>false</enabled>
  </header>

  <plot_area>
    <border_color>b6bece</border_color>
  </plot_area>

  <scroller>
    <graph_data_source>close</graph_data_source>
    <graph_selected_fill_alpha>100</graph_selected_fill_alpha>
    <resize_button_color>002b6d</resize_button_color>
    
    <playback>
      <enabled>true</enabled>
      <color>002b6d</color>
      <color_hover>db4c3c</color_hover>
      <speed>3</speed>
      <max_speed>10</max_speed>
      <speed_indicator>
        <color>002b6d</color>
      </speed_indicator>
    </playback>
  </scroller>
</settings>
